{"_step":360,"time/epoch_s":57.47626829147339,"train/loss":1.5617081448435783,"epoch":10,"_wandb":{"runtime":579},"_runtime":579,"best_val_acc":0.6396484375,"val/loss":1.6210159540176392,"trainable_params":55296,"_timestamp":1.7750836923001337e+09,"epoch_metrics":{"size":863,"_latest_artifact_path":"wandb-client-artifact://xa07dk7jiiu6hk4mynvds514tbqqigh1gxou525xwxdmsp3teqr39cmv010jc6n2wmochpfdqcenxf48kwgef35x7ffmuut3mtzggl63goov0t5xzo3gitgmxzh0g3xd:latest/epoch_metrics.table.json","path":"media/table/epoch_metrics_360_ec32833fb47012220ca6.table.json","log_mode":"IMMUTABLE","ncols":5,"artifact_path":"wandb-client-artifact://s9zvubcp3y4i5uvep6s86vh18d7y2hcd6cedrtxd5rm2nwi6iz8d8l90fn6l3s6zlorbokpelwlrqo6hkluj6nehroyafs4xqu3rwk32y6fz59o3jxejjji4kctir2aa/epoch_metrics.table.json","nrows":10,"_type":"table-file","sha256":"ec32833fb47012220ca6ef9d86a6acc7f1fb4f27b94295b0006dd80c995313f6"},"metrics_csv":"q1/outputs/metrics_q1-lora-r2-a8-d0.1-full.csv","lora/grad_norm":6.892109758521944,"train/acc":0.6631377249617468,"val/acc":0.6396484375}