{"_step":360,"metrics_csv":"q1/outputs/metrics_q1-lora-r2-a4-d0.1-full.csv","best_val_acc":0.583984375,"epoch":10,"train/acc":0.6024428858337078,"time/epoch_s":57.7463161945343,"val/acc":0.583984375,"trainable_params":55296,"epoch_metrics":{"log_mode":"IMMUTABLE","_type":"table-file","_latest_artifact_path":"wandb-client-artifact://1nzl2jsfgthm05o45py3oyt9pputhqa251z7sdrorp7kh15s8yactugacrflmlndni3otb3h8dz1xvt9qiv9o2uiylt4b52afijan6qh247l2viufua1yjrwklfstjhm:latest/epoch_metrics.table.json","path":"media/table/epoch_metrics_360_1e2ebc89841edd35f5d3.table.json","ncols":5,"size":862,"artifact_path":"wandb-client-artifact://8fx6fwc1mrm25eg6wtnftze4n6t0yotrqijaz1374efnr6f3f3ap195cgzqw7s0eij7y57e4yo9zxh536njhxvk3qiq646jvtwoy205kmvt1js0enrhqptjxfvhyjc3h/epoch_metrics.table.json","nrows":10,"sha256":"1e2ebc89841edd35f5d372fa94f2e39f7253403902cae37c6a416b35c6db1a86"},"lora/grad_norm":5.092017451425573,"_runtime":596,"val/loss":1.8359971523284913,"train/loss":1.7849243689667096,"_timestamp":1.77508309353661e+09,"_wandb":{"runtime":596}}