{"metrics_csv":"q1/outputs/metrics_q1-lora-r8-a8-d0.1-full.csv","_timestamp":1.7750873113709066e+09,"train/acc":0.8363493332131342,"epoch_metrics":{"nrows":10,"path":"media/table/epoch_metrics_360_b826c39f6daf8b306383.table.json","_latest_artifact_path":"wandb-client-artifact://7ktp31a82ss2yo40s9dz2kn8ykcyozff1sft8hyyhypxafp1aw7l36tjpux1w9an0e4l83ms8vysxf0hedcj85oaf7r1fgsh6ebce2twei1psmvr07wb305hbu8ag7bt:latest/epoch_metrics.table.json","ncols":5,"log_mode":"IMMUTABLE","artifact_path":"wandb-client-artifact://0tggjylo3dkog82tabmadz9czirmeek6b52ijxhd9xqbnoduod40iqvngbkta0v3do2xffwt06euctrc1gcgmq22r30qhqfe3shibfje131xx7dk6biqavnxcpiec6v8/epoch_metrics.table.json","_type":"table-file","size":847,"sha256":"b826c39f6daf8b30638346e948e4cbea39d1cc977137e53e2751205ee06a5458"},"best_val_acc":0.79609375,"lora/grad_norm":2.337000324334089,"epoch":10,"train/loss":0.7770116769454696,"_step":360,"_wandb":{"runtime":583},"trainable_params":221184,"_runtime":583,"val/acc":0.79609375,"val/loss":0.8602174773812294,"time/epoch_s":57.69512057304382}