Compute,Batch_Size,Optimizer, Learning_Rate,Model,Accuracy, Time, FLOPs
CPU,16,SGD,0.001,resnet18,86.64166666666667,15392367.137908936,1823526912.0
GPU,16,SGD,0.001,resnet18,86.75,614094.2261219025,1823526912.0
GPU,16,SGD,0.001,resnet50,81.89166666666667,1909747.6596832275,4131715072.0
GPU,16,Adam,0.001,resnet18,92.39166666666667,648610.1121902466,1823526912.0
GPU,16,Adam,0.001,resnet50,91.69166666666666,1980586.6837501526,4131715072.0
