{"train/acc":0.8418338659473441,"_timestamp":1.7750807388886702e+09,"epoch_metrics":{"sha256":"234048ded43dab7c13a7b927451288419cca05675a56e2152ee902c6770b73ef","artifact_path":"wandb-client-artifact://y9bwxxi2bapnhrp059t57gpdr13pcd48285faav1z3h2ob5g6g8uqr9hrd4iy4dowwe35vxiredrjuh781owv5ty6tkcvvr6aydpy0ps1yhuwhhnbnu8s0jg0g7koxet/epoch_metrics.table.json","path":"media/table/epoch_metrics_10_234048ded43dab7c13a7.table.json","_latest_artifact_path":"wandb-client-artifact://qpeit4vruox81wd75tgk2o5ulrr9oe7sf256zra2soaob1whnlua3wj3va3fhzgfq41usmzqa7wkbkk6ave3xhnh9dccwn3baff6yz1nt41hta8pd84faipdymd5w9u5:latest/epoch_metrics.table.json","size":861,"_type":"table-file","log_mode":"IMMUTABLE","nrows":10,"ncols":5},"val/acc":0.791015625,"epoch":10,"time/epoch_s":48.408875703811646,"_step":10,"val/loss":0.7232397265732289,"trainable_params":38500,"metrics_csv":"q1/outputs/metrics_q1-baseline-head-only.csv","_runtime":489,"train/loss":0.5491087327457287,"best_val_acc":0.791015625,"_wandb":{"runtime":489}}