{"_runtime":308,"_timestamp":1.775081693394692e+09,"time/epoch_s":24.199334859848022,"val/acc":0.791015625,"best_val_acc":0.791015625,"_step":10,"_wandb":{"runtime":308},"trainable_params":38500,"train/acc":0.8418338659473441,"train/loss":0.5491087327457287,"metrics_csv":"q1/outputs/metrics_q1-baseline-head-only-full.csv","epoch":10,"val/loss":0.7232397265732289,"epoch_metrics":{"size":861,"ncols":5,"_latest_artifact_path":"wandb-client-artifact://el8uxitayve9c3z6wyy4em316mesqtntpq933ce2uzgvfy051cr1mwss7fpbyk68fjnj7x3kj97xe1ja0nyiymso0m3l6j2sjwja2anisrkr99oiv48pnfplpv1434aa:latest/epoch_metrics.table.json","nrows":10,"sha256":"234048ded43dab7c13a7b927451288419cca05675a56e2152ee902c6770b73ef","log_mode":"IMMUTABLE","path":"media/table/epoch_metrics_10_234048ded43dab7c13a7.table.json","artifact_path":"wandb-client-artifact://czz3i65uul1h60kv19oes5wqu6vgc3ppwd2ea0agtt6natot8q8h4e3omsapajnhcekrjyh3alrovv3t4ydgcrc4nxo5n9uuj16p9gnr5w9bhhwipzqni64a1evwndz2/epoch_metrics.table.json","_type":"table-file"}}