{"train/loss":1.3896109150214628,"best_val_acc":0.6791015625,"_runtime":583,"lora/grad_norm":1.6905669656761813,"_timestamp":1.7750861097314658e+09,"metrics_csv":"q1/outputs/metrics_q1-lora-r8-a2-d0.1-full.csv","_step":360,"val/loss":1.4240472584962844,"epoch_metrics":{"_latest_artifact_path":"wandb-client-artifact://8nb8kculto9om1z2111pys0f4cnt9tmzpm1zp2xp8sj806g2ftq74vdvqijydcoxd3sc9p42s0k63khym19ebr7w1oqekk2ju81fnzkn694d6k63pywu70ihlrn1e9yj:latest/epoch_metrics.table.json","artifact_path":"wandb-client-artifact://3scdtoz9qd1muzgpp3pbugps720vikviojwltj2ifxw56gq5gt6340ptf3zu9er2nich3kpyx9lqu0xnhwaw7wgxl13vc85ts5fa9yirc81owt89xrnxkhy5k9yz53ms/epoch_metrics.table.json","path":"media/table/epoch_metrics_360_42f0b1d89adf61bf2caf.table.json","sha256":"42f0b1d89adf61bf2caf4f4468e0967e0966ff870a6be8f58c680a7255260ab5","log_mode":"IMMUTABLE","size":863,"ncols":5,"nrows":10,"_type":"table-file"},"epoch":10,"train/acc":0.695729265328158,"trainable_params":221184,"_wandb":{"runtime":583},"val/acc":0.6791015625,"time/epoch_s":57.87136888504028}