{"trainable_params":221184,"val/loss":1.1050178363919259,"_step":360,"train/loss":1.0505381236699494,"train/acc":0.7755681818181818,"best_val_acc":0.7486328125,"lora/grad_norm":2.2900000573076733,"epoch_metrics":{"path":"media/table/epoch_metrics_360_47d390c3b96dae6b2bc5.table.json","size":862,"_type":"table-file","nrows":10,"log_mode":"IMMUTABLE","ncols":5,"sha256":"47d390c3b96dae6b2bc568bd35024e92dbdf86170cdc352f750faacad39a4add","artifact_path":"wandb-client-artifact://vxcbocqrwhe5qjfx9yrig7mvwlz5he1yjbd058qewojq50ye90b4xx6qgry4xqn6tfk89a90eywb2cifcjo364mj5qa7jxl5cysxip1es7o31eppgvxv22c47o0nm0cp/epoch_metrics.table.json","_latest_artifact_path":"wandb-client-artifact://d4g3zhp50ykgaanhme8r655lrjt7olal6rwl95gu0sjamfyhcf7e33dzz4a3cr90odw05aawb21bwt392twyys651kndsmyvyqicku530fn2ej3rq0qy2xhdhpz4m1fv:latest/epoch_metrics.table.json"},"time/epoch_s":58.06770992279053,"val/acc":0.7486328125,"_timestamp":1.7750867110432615e+09,"_wandb":{"runtime":583},"metrics_csv":"q1/outputs/metrics_q1-lora-r8-a4-d0.1-full.csv","_runtime":583,"epoch":10}