{"time/epoch_s":57.6332311630249,"lora/grad_norm":3.2497123984187697,"epoch":10,"_runtime":582,"train/acc":0.6996453795582056,"_timestamp":1.775084900804509e+09,"trainable_params":110592,"best_val_acc":0.676171875,"train/loss":1.3839009773324837,"val/acc":0.676171875,"val/loss":1.4415264815092086,"metrics_csv":"q1/outputs/metrics_q1-lora-r4-a4-d0.1-full.csv","_wandb":{"runtime":582},"epoch_metrics":{"path":"media/table/epoch_metrics_360_b552ae55b595cebc1fd3.table.json","_type":"table-file","size":856,"ncols":5,"artifact_path":"wandb-client-artifact://sq4tliae1c20wt5wwites55471kw22hxn0nkmnmki95npboeel835k5vplb3uk1ejyw803m5euhe9y3asd7azq6m1yqd05c4ixu78vrr4jdkpr8lb86s2l9xw1urmoxr/epoch_metrics.table.json","nrows":10,"log_mode":"IMMUTABLE","sha256":"b552ae55b595cebc1fd3b2a2fc2c6fce2d65d0f163b63a51339e60a9aa681534","_latest_artifact_path":"wandb-client-artifact://9t3cbwvhmxwcvz9gvklkk9zvkf17votwtf1nfk5h98rlbigz3dwrjc1j3mwhfqeg9wbombtzw1ozqz8qolf788kzxfuayigdrykrtdb54746e6wtufvhxhigly4c3nxo:latest/epoch_metrics.table.json"},"_step":360}