{"epoch":10,"trainable_params":110592,"train/loss":1.1004619454457,"_wandb":{"runtime":653},"epoch_metrics":{"_latest_artifact_path":"wandb-client-artifact://o99crb2wurw0jt3o8xpy0xf1lr0au2a3cbgpv332394pakefbzi9pkweloek6ktsnkgxdhc1cu8qdksapaqtyik1ry7bj3fsm41e7jz585o25o2tc4q7p13w3u6rzjd6:latest/epoch_metrics.table.json","size":858,"sha256":"4d3943948f3897027cb94ecac39375c487e84a66933e18e227d64eec19d5467a","log_mode":"IMMUTABLE","nrows":10,"ncols":5,"path":"media/table/epoch_metrics_360_4d3943948f3897027cb9.table.json","_type":"table-file","artifact_path":"wandb-client-artifact://wbtwdcu6i28ci3g6usyh2rl30fosef6yxwj8xw7nyxbigmnfrc5xrwfj4fqf705c6ibep25oro7cjw4juyo6q19xtizmohdpfmgmx2ojem4czpuc50fx6s1k72c9amqa/epoch_metrics.table.json"},"time/epoch_s":122.29099488258362,"best_val_acc":0.7455078125,"train/acc":0.7711539221080866,"val/loss":1.1784784197807312,"val/acc":0.7455078125,"_step":360,"_runtime":653,"metrics_csv":"q1/outputs/metrics_q1-lora-r4-a8-d0.1.csv","_timestamp":1.7750815097041004e+09,"lora/grad_norm":3.790617416377493}