{"lora/grad_norm":3.5765428438981437,"best_val_acc":0.741796875,"val/loss":1.1836852416396142,"train/acc":0.7700145991349762,"epoch_metrics":{"path":"media/table/epoch_metrics_360_e5130012ce06408fd8bd.table.json","ncols":5,"_type":"table-file","nrows":10,"size":859,"_latest_artifact_path":"wandb-client-artifact://efkw492a2w8azn5qx7czz86ud6h1jlbd0cce0wc1ggxzzpx9h8xbcp94paf6hg3j15p0m9wri45wqywf53jdy3e87ztzzlwwhbyvyjh7qz98lzgz7f6hky5y7wwi9r78:latest/epoch_metrics.table.json","log_mode":"IMMUTABLE","artifact_path":"wandb-client-artifact://805dahd4v5je9b6uy236y95ck0dkak0i6g8eep5wx9j97p3js9y3jtwumszsosyrsj05cy7n409gttxm8kjfpqj1cj8zajc3543l1esu6natd3xlq72abg2xz1i2avis/epoch_metrics.table.json","sha256":"e5130012ce06408fd8bd4a9aced5ce00e74ab7c788bdf3b8397cc96c5874a28e"},"trainable_params":110592,"epoch":10,"_wandb":{"runtime":583},"train/loss":1.1041827316988597,"_step":360,"_timestamp":1.7750855071147966e+09,"time/epoch_s":57.88746500015259,"metrics_csv":"q1/outputs/metrics_q1-lora-r4-a8-d0.1-full.csv","val/acc":0.741796875,"_runtime":583}