{"_step":360,"_timestamp":1.7750824726596463e+09,"metrics_csv":"q1/outputs/metrics_q1-lora-r2-a2-d0.1-full.csv","train/acc":0.5370279948481105,"epoch":10,"best_val_acc":0.528515625,"epoch_metrics":{"artifact_path":"wandb-client-artifact://y7c8h1nmdpoh1blm625c3osa8istk9g1g6sy4lhk95oplgdpz73flrq1bei8sutpxy7hi0a12a7i9cqcfr3abapoao749hkpp2eqntvsopbdy7hxjytf9dj85hbmeql7/epoch_metrics.table.json","_type":"table-file","_latest_artifact_path":"wandb-client-artifact://qblgunr80wnpthm3yxramwc327nehhu3q052rddiny1n0xdpw0m0z7rv37beyenxkjt6qmj655tupwdpsahs2iodpe68utq37lfm1uvbwkfoxyqwvf9s0zf5w23tcb4p:latest/epoch_metrics.table.json","sha256":"cd95df829bab4c8c5969b0d608b9279e1f2e7a3166206a73da791ef15db77952","ncols":5,"size":853,"path":"media/table/epoch_metrics_360_cd95df829bab4c8c5969.table.json","log_mode":"IMMUTABLE","nrows":10},"val/acc":0.528515625,"lora/grad_norm":3.7418184338525053,"_wandb":{"runtime":763},"_runtime":763,"val/loss":2.063366138935089,"time/epoch_s":90.97478938102722,"train/loss":2.0304460430687126,"trainable_params":55296}